gender,count,mean,std,min,25%,50%,75%,max
F,76.0,59.11842105263158,17.60603465123112,18.0,47.0,61.0,72.5,94.0
M,69.0,58.56521739130435,19.846823913093505,8.0,44.0,60.0,74.0,92.0
