,gender,score,score,score,score
,,count,mean,var,std
0,F,76,59.11842105263158,309.97245614035086,17.60603465123112
1,M,69,58.56521739130435,393.8964194373401,19.846823913093502
