gender,N,Mean,SD,SE,95% Conf.,Interval
F,76,59.11842105263158,17.60603465123112,2.0195506800313634,55.13380030529352,63.103041799969645
M,69,58.56521739130435,19.846823913093502,2.3892768278208054,53.84792678541114,63.28250799719756
